Area,Average_Population_Change
Ogółem,-121923.86486486487
Miasta,-408782.5135135135
Wieś,-100017.91891891892
